,model,train_subset_size,train_auc_score,test_auc_score,train_f1_score,test_f1_score,test_pr_auc,test_pr_no_skill,train_efron_r2,test_efron_r2,train_ffc_r2,test_ffc_r2,test_briern_r2,test_imv_r2
0,lgb,2621,0.6796244230867262,0.7815650475843164,0.99450884685784,0.5501242750621376,0.6408367035582274,0.31438382296833267,0.9021335019622764,0.19288616305076367,0.9021335019622764,0.2098527898108954,0.17245184532579103,0.1197124983178803
1,lgb,2665,0.6790386870100893,0.7832315770073838,0.9927884615384617,0.5495049504950495,0.6473428133265676,0.31407129455909943,0.897196680431022,0.19636026351623637,0.897196680431022,0.21627522148431055,0.17170955222079048,0.12046818601518236
2,lgb,2708,0.6858258731633865,0.7791691664608014,0.9940758293838864,0.5612903225806453,0.6369097616615859,0.31314623338257014,0.8968703967636,0.18974425159737407,0.8968703967636,0.21258062086912777,0.17312316132011882,0.1176073779466104
3,lgb,2752,0.6703168562588964,0.780396516365319,0.991860465116279,0.5356550580431177,0.6351359687150666,0.31359011627906974,0.8937767829035974,0.18863912871252841,0.8937767829035974,0.21553112210816994,0.17335928721968677,0.12114855621484011
4,lgb,2796,0.6836005662278793,0.7803857329396403,0.9896432681242807,0.5556485355648535,0.6428597552212616,0.3136623748211731,0.8892130457706576,0.20045173637423663,0.8892130457706576,0.23091190261774286,0.17083534834500325,0.12474812486809632
5,lgb,2839,0.6812811493955401,0.7861842750204885,0.9910213243546576,0.5524126455906823,0.6425858364195152,0.31454737583656217,0.8835894909499463,0.20313560948705311,0.8835894909499463,0.2382972442780985,0.17026189903743724,0.12910390295007182
6,lgb,2883,0.6765888887581807,0.7816552362354472,0.9854586129753915,0.545,0.6441758596610846,0.3139091224419008,0.8793127489166751,0.20064129110635243,0.8793127489166751,0.23972585328727314,0.17079484716431828,0.1301795920871898
7,lgb,2927,0.6895946804380816,0.7855853047396095,0.9777530589543938,0.5655058043117744,0.6443984374230507,0.31363170481721897,0.8747113459865443,0.20466660022145255,0.8747113459865443,0.24784834739442352,0.16993478015378408,0.1347343898193915
8,lgb,2970,0.6793700322718522,0.7827188741319343,0.9875338753387534,0.5499587118084228,0.6445096139160864,0.31414141414141417,0.8716807752100317,0.20101871148141714,0.8716807752100317,0.24960568483124101,0.17071420570190762,0.1310857621651871
9,lgb,3014,0.6816124946573028,0.785792150450355,0.9817596566523605,0.5528726061615321,0.6507721001641231,0.31453218314532183,0.8668121524558939,0.21097517332730287,0.8668121524558939,0.26433128352936786,0.16858685991791159,0.13771091290868484
10,lgb,3058,0.684186302304516,0.7867548162700326,0.9836756187467088,0.5563025210084034,0.6477533469107298,0.3142576847612819,0.8641199914611395,0.2130547433479476,0.8641199914611395,0.2710944292776576,0.16814252893121967,0.13669370815731396
11,lgb,3101,0.6863282827688701,0.7883576254504531,0.9828393135725428,0.5596638655462185,0.6463298979223866,0.3131247984521122,0.8614303429086969,0.2138205620709941,0.8614303429086969,0.27561869178159326,0.1679789003996192,0.13724195699382136
12,lgb,3145,0.6742395724273688,0.7867459934672048,0.9793601651186791,0.5398981324278439,0.6393034240234557,0.3128775834658188,0.8577705499499516,0.20722507168549087,0.8577705499499516,0.27467736614193894,0.16938812476889498,0.13533626873085366
13,lgb,3189,0.6808194227142079,0.7874469161363182,0.9848178137651821,0.5506756756756757,0.6456904461621159,0.31295076826591406,0.8558170866935974,0.21478080900019558,0.8558170866935974,0.28722874006748333,0.16777372939730414,0.13819511786120134
14,lgb,3233,0.6848489928280417,0.7876763090098463,0.9798183652875884,0.5572390572390572,0.6423659580476638,0.3114754098360656,0.8492581222581654,0.2138515857004285,0.8492581222581654,0.29009784573705566,0.1679722717409347,0.13771466657141432
15,lgb,3276,0.6827070123636876,0.7875596519502316,0.9784892446223111,0.553872053872054,0.6420447494817311,0.31135531135531136,0.852489496737777,0.21181363657679075,0.852489496737777,0.29374369885788987,0.16840770980550787,0.1402649817912735
16,lgb,3320,0.6784701063833959,0.784575583971516,0.9767901234567902,0.5456110154905335,0.6475622808620417,0.3108433734939759,0.8450414939868555,0.2122075426211325,0.8450414939868555,0.2992671203040891,0.1683235459352805,0.13716513506654884
17,lgb,3364,0.682399194576133,0.7852549397892722,0.9759921607055364,0.5527210884353742,0.6416845722075203,0.3097502972651605,0.8409275022386686,0.20610853637886606,0.8409275022386686,0.29826004317311294,0.1696266891016868,0.13736639459283143
18,lgb,3407,0.6880619635245725,0.7867783437442408,0.9703163017031631,0.5622895622895623,0.6445894682194749,0.30906956266510127,0.8372811471684596,0.21310017552977056,0.8372811471684596,0.3093314904024569,0.16813282167155705,0.1390907922696227
19,lgb,3451,0.6861743738750926,0.7885478058669678,0.9711815561959655,0.5591216216216216,0.6394115005297097,0.3094755143436685,0.837355255237158,0.2107974480100454,0.837355255237158,0.31411776970514904,0.16862483356861496,0.14106293521953203
20,lgb,3495,0.6806419863462224,0.7859774293097429,0.9658119658119657,0.5507976490344247,0.6419905295274375,0.3104434907010014,0.8337700129124809,0.20879225048400796,0.8337700129124809,0.3202609425431344,0.1690532737684695,0.13930877427062305
21,lgb,3538,0.6868370643986181,0.790355500135283,0.9682242990654205,0.5600676818950932,0.6520092852412052,0.31062747314867156,0.8322545542086359,0.22214856970083152,0.8322545542086359,0.3382275267863678,0.1661994980180651,0.146478197765413
22,lgb,3582,0.6914288431148807,0.7870381262719541,0.9636112390603409,0.5678391959798995,0.6489785234469492,0.31072026800670016,0.8278631673560887,0.2192633965738665,0.8278631673560887,0.3423764960168184,0.1668159580600713,0.1441423698367806
23,lgb,3626,0.6915057975617694,0.788489967492873,0.9627586206896552,0.5680868838763575,0.6524090742120828,0.3091560948703806,0.8253128061560321,0.2239498649866163,0.8253128061560321,0.35011043681231135,0.16581462455686366,0.14597641159143743
24,lgb,3669,0.6806655138204305,0.7893085275330267,0.9613108784706418,0.5500848896434636,0.6429016770345024,0.3082583810302535,0.8241984949088181,0.21833149724739587,0.8241984949088181,0.35020643401532614,0.16701507217650768,0.14352159594493377
25,lgb,3713,0.6884168362605433,0.7872047792142608,0.9611913357400722,0.5621805792163543,0.6440828855706839,0.30837597629948826,0.8247082282396836,0.21783422196549518,0.8247082282396836,0.3565759343245207,0.16712132241788974,0.14331459872230026
26,lgb,3757,0.6817365040526074,0.7859627246383631,0.9631274988893825,0.5517826825127334,0.6396149752385025,0.3084908171413362,0.8208342417647725,0.2105971358498726,0.8208342417647725,0.3575278617987474,0.16866763323339778,0.1396424323698327
27,lgb,3801,0.687677191290129,0.7895663494378894,0.9576719576719577,0.5609548167092925,0.6502169147257367,0.30912917653249145,0.8145350551577153,0.22402532598699,0.8145350551577153,0.37627554547891817,0.16579850119462053,0.1459474059750959
28,lgb,3844,0.6901269895420377,0.7856127534595191,0.9594771241830065,0.5654008438818565,0.6480588277949608,0.3077523413111342,0.8179437797573523,0.21521773131455602,0.8179437797573523,0.37317112957716825,0.16768037446281278,0.1417734035815667
29,lgb,3888,0.68395543896385,0.7867783437442406,0.9561101549053356,0.5554614733276885,0.6408996748957366,0.30838477366255146,0.8132754117885032,0.21602504475485462,0.8132754117885032,0.38179323472608195,0.16750787996927016,0.14086669661274756
30,lgb,3932,0.6864287646899667,0.7925631614651343,0.954954954954955,0.559322033898305,0.6494248941654359,0.3082400813835198,0.8085690037447242,0.23140937339471146,0.8085690037447242,0.40030671973716214,0.16422078991878872,0.14985977463933178
31,lgb,3975,0.6915293250359774,0.7836982052458425,0.9521389241846674,0.5675675675675675,0.6414666013422066,0.30742138364779875,0.8048899719304576,0.21357285093496992,0.8048899719304576,0.3914263754158307,0.16803182755878746,0.1391595773950175
32,lgb,4019,0.6810738135290819,0.786476407825238,0.9479429051217463,0.5508474576271186,0.6455744991395871,0.3080368250808659,0.8025085023560827,0.21921986485660827,0.8025085023560827,0.4038141850626594,0.16682525925728503,0.1438444490661045
33,lgb,4063,0.6858430286133299,0.7896594790232961,0.9519469759734881,0.5586497890295359,0.6486685153687203,0.3076544425301501,0.8021255284523603,0.2239684652701488,0.8021255284523603,0.4134255964363458,0.16581065033033957,0.14811051743248044
34,lgb,4106,0.6804111230055564,0.7803798510710882,0.956344349245206,0.5499153976311337,0.6349838786226922,0.3075986361422309,0.8016795996726265,0.20429726323729258,0.8016795996726265,0.40520877429804536,0.17001369447980552,0.13466497373542494
35,lgb,4150,0.6803341685586677,0.7813660443649739,0.9395918367346939,0.549618320610687,0.6358248997281777,0.3074698795180723,0.790422005501507,0.20770687825926082,0.790422005501507,0.4143794603822809,0.16928517964649342,0.13713272753590902
36,lgb,4194,0.6868904913712988,0.7855970684767137,0.9472843450479234,0.5609348914858097,0.6402064212650536,0.30686695278969955,0.7939675251679027,0.2129844722175106,0.7939675251679027,0.4238416342395265,0.1681575434007557,0.14138888314464693
37,lgb,4237,0.6820678493143701,0.7872488932284009,0.9486260454002389,0.5522514868309261,0.6412393607289878,0.30658484776964834,0.7955050264626697,0.21640816334211987,0.7955050264626697,0.4323802612919233,0.16742602099928613,0.14238119065241678
38,lgb,4281,0.6867601099517294,0.7861940781347417,0.9426197071626434,0.559796437659033,0.6436657969191889,0.306003270263957,0.7854056424377055,0.21494008135914489,0.7854056424377055,0.43684631793280226,0.16773969849490503,0.1448634648677231
39,lgb,4325,0.691097497853118,0.7845922492657468,0.942528735632184,0.5673640167364016,0.6424941695897562,0.30520231213872834,0.7844049889882901,0.21495805578511762,0.7844049889882901,0.4418751295476131,0.16773585799213359,0.1425994138482805
40,lgb,4369,0.6934169146854573,0.7881213703969476,0.9415915327322618,0.5707070707070706,0.6479941237010466,0.3057907988097963,0.7825825841993277,0.22394177384721792,0.7825825841993277,0.45617003445333304,0.16581635334883346,0.14859765711510284
41,lgb,4412,0.6852572925366931,0.7929807741323264,0.9400311526479751,0.5579831932773109,0.6558948279502707,0.3046237533998187,0.7807502936629573,0.22841886939657075,0.7807502936629573,0.46322493907796425,0.16485975546407394,0.1536469855776984
42,lgb,4456,0.6887481815223061,0.7910515212472699,0.9378316906747536,0.5626598465473146,0.6544005029859841,0.30543087971274685,0.7763757266894911,0.23073909465672415,0.7763757266894911,0.4731041433536022,0.16436400491518313,0.15237132154343824
43,lgb,4500,0.6929081330557092,0.793073903717733,0.9395313681027966,0.5702341137123745,0.6560172674943165,0.30577777777777776,0.7790926400237661,0.23380107522059435,0.7790926400237661,0.48242133286315525,0.1637097673412282,0.15132488978261502
44,lgb,4543,0.6915827520086582,0.7936267993616213,0.9397321428571429,0.5683333333333334,0.6548704517295287,0.3059652212194585,0.7759729278779122,0.2316755525976233,0.7759729278779122,0.48770133892592493,0.16416391678314407,0.1539374326838456
45,lgb,4587,0.6944879049176342,0.8017604432576141,0.9283047050037342,0.5723905723905723,0.6645120661327747,0.30608240680183124,0.7705363244783083,0.24717866351113593,0.7705363244783083,0.5045759281457933,0.16085144713768335,0.16373826514054318
46,lgb,4631,0.6918606702977401,0.7970147556475741,0.930421909696521,0.5680473372781064,0.6556564250963752,0.3061973655797884,0.767198564164973,0.2352478894915112,0.767198564164973,0.503318762768016,0.16340063400781094,0.15835035430332997
47,lgb,4674,0.6983635661376906,0.7928101999443182,0.9304538799414348,0.5784148397976391,0.6549364156309332,0.3057338468121523,0.7662148417996371,0.23306686249333985,0.7662148417996371,0.5070634029383636,0.16386664278293206,0.15403019714675234
48,lgb,4718,0.6923694519274884,0.7936571890158067,0.9296591733139956,0.5685106382978724,0.6498946527044243,0.30542602797795676,0.7630996749989298,0.23121942188863642,0.7630996749989298,0.5114829810073,0.16426137587611647,0.15382437312735747
49,lgb,4762,0.6879080546307952,0.7908172268166151,0.9322879543834639,0.5617597292724196,0.6488280381598109,0.30722385552288956,0.7622301013742265,0.22629893942427526,0.7622301013742265,0.5185954872287724,0.16531270995320235,0.1506224797467779
50,lgb,4805,0.6911979797742146,0.7942836080165948,0.9255319148936171,0.5670886075949366,0.6484960117716704,0.3073881373569199,0.7589503133188934,0.2336236201762868,0.7589503133188934,0.5295328037286895,0.16374768324410613,0.15547747680123436
51,lgb,4849,0.690635771171786,0.7909397657447818,0.923076923076923,0.5658453695836873,0.6398969224827548,0.30748607960404206,0.7550411134072971,0.22222876368225497,0.7550411134072971,0.5289510453082241,0.16618236338420384,0.14813983827148344
52,lgb,4893,0.6904818622780085,0.7960089561251819,0.9212292476156835,0.56532877882152,0.6519846683291168,0.30656039239730226,0.7558186561802649,0.23497882014146043,0.7558186561802649,0.5406955226802947,0.16345812466626905,0.15791775184608373
53,lgb,4936,0.6910205434062293,0.7902888389583603,0.9257852951328961,0.5671140939597316,0.6482462558790281,0.30672609400324147,0.7567772914787593,0.22894845692354215,0.7567772914787593,0.5433289464796454,0.16474660123215923,0.15216245680831678
54,lgb,4980,0.6967303673030848,0.8007732696523031,0.9207443142660233,0.5755517826825127,0.6526629735602649,0.3066265060240964,0.7503293184396125,0.24616727632528435,0.7503293184396125,0.5591473296525518,0.16106754501453086,0.16396370787386827
55,lgb,5024,0.6890559993098607,0.7982470071092184,0.916637841577309,0.5637130801687764,0.6561208593614742,0.30553343949044587,0.747272424681808,0.24041022240955712,0.747272424681808,0.5592373120718733,0.16229762499328565,0.16237810441009143
56,lgb,5068,0.6931090968979026,0.7975107932287929,0.9175187457396047,0.5697278911564626,0.6571943190962634,0.3052486187845304,0.7458534066904207,0.24012442242604604,0.7458534066904207,0.5642176735167329,0.16235869039979245,0.16264699206271618
57,lgb,5111,0.6928012791103477,0.7989400872869293,0.9144021739130436,0.5687285223367697,0.6593377474355347,0.3046370573273332,0.7449760557369942,0.24524850912859797,0.7449760557369942,0.5713781138908873,0.1612638532566151,0.16419746345815
58,lgb,5155,0.6850264291960269,0.7957432917289166,0.9084199932908421,0.5571549534292972,0.6515161643102992,0.304364694471387,0.7369329688721551,0.23593225308502086,0.7369329688721551,0.5711696659460821,0.16325440957307613,0.15978166999908341
59,lgb,5199,0.6944344779449535,0.7966285129459926,0.9086666666666666,0.5716723549488054,0.650840205329899,0.3058280438545874,0.7378657992423339,0.23372846250721224,0.7378657992423339,0.578728234714579,0.16372528212469936,0.15986118303891544
60,lgb,5242,0.6937717874214281,0.7944169303704401,0.9097544790975448,0.5706984667802385,0.6487551207167178,0.304845478824876,0.7380092840031724,0.23306318347203103,0.7380092840031724,0.5816739589431985,0.16386742886041536,0.15700807880292506
61,lgb,5286,0.6940026507620941,0.7986705016449626,0.9070533948582729,0.5714285714285715,0.6612893894786424,0.3045781309118426,0.7372721250304144,0.24239893153964898,0.7372721250304144,0.591629468665158,0.16187270778384108,0.16427384120234306
62,lgb,5330,0.6948427776536049,0.7977382254794703,0.904746317512275,0.5724020442930153,0.6511106094579895,0.30412757973733584,0.7312452755042473,0.23849206267065137,0.7312452755042473,0.5939582832224033,0.16270746827865698,0.16151733756404785
63,lgb,5373,0.6851033836429157,0.7970961214958768,0.9061277705345502,0.5574324324324325,0.6475883569810301,0.30429927414852037,0.7276184017890823,0.2324410209167035,0.7276184017890823,0.5963559330026034,0.16400036312054947,0.15974708263828347
64,lgb,5417,0.6980792758243438,0.7993724046255015,0.9045776918117345,0.5770887166236003,0.6653394406116946,0.30496584825549194,0.7268377907252368,0.2503641455182497,0.7268377907252368,0.6123551240542406,0.16017082164815477,0.16591970073427492
65,lgb,5461,0.6898961262013718,0.7914034530489645,0.9026492180019152,0.5646258503401361,0.6456605020327271,0.30488921442959166,0.723852669943507,0.22766834148596526,0.723852669943507,0.6057245540154136,0.16502011688674717,0.1535847442117613
66,lgb,5504,0.6867601099517294,0.7938110979095838,0.897662665824384,0.559796437659033,0.6469668470682086,0.30523255813953487,0.720760981629595,0.22826558649183837,0.720760981629595,0.6118367302060749,0.16489250663072214,0.15728078062347386
67,lgb,5548,0.6940796052089828,0.799115563032064,0.9068089112017572,0.5716694772344013,0.6562992886428884,0.3047945205479452,0.7262229612059999,0.24321603971763528,0.7262229612059999,0.6234795782778715,0.16169812049928015,0.1642912729606937
68,lgb,5592,0.6979552664290393,0.7938032554181813,0.8970679975046787,0.5777027027027029,0.6485198968784839,0.30454220314735336,0.7198438062010699,0.2360396967302837,0.7198438062010699,0.6243981110584014,0.163231452644269,0.1565843453011877
69,lgb,5636,0.7058369702887214,0.7959795467824219,0.9031858954531394,0.5904920767306089,0.6509540155076533,0.30500354861603973,0.7226226177430676,0.24133391442909757,0.7226226177430676,0.6328616064962651,0.1621002644897357,0.16028274429988823
70,lgb,5679,0.700351637708267,0.7973529630893142,0.8959359605911331,0.5813559322033898,0.6570874511813439,0.30515935904208485,0.7141022351534474,0.24423409355492254,0.7141022351534474,0.63929593146687,0.16148059819344926,0.16215515581028903
71,lgb,5723,0.6895412534654008,0.7972402272754009,0.8984709480122325,0.5647058823529412,0.6550371493779493,0.3054342128254412,0.7178155099626287,0.23837452573004225,0.7178155099626287,0.6418506333495007,0.1627325817897555,0.16237702989253175
72,lgb,5767,0.6983870936118987,0.7985067896369318,0.8986650485436893,0.5780051150895141,0.6572690677761654,0.30605167331368127,0.7132456384682437,0.24562266418155765,0.7132456384682437,0.6511665883662912,0.16118390947871536,0.16374411266098687
73,lgb,5810,0.6956358495966999,0.7941404825484959,0.8931003849570623,0.5743073047858941,0.652398204630287,0.3072289156626506,0.7077468116507424,0.23886090786220804,0.7077468116507424,0.6549164944057853,0.1626286590314213,0.16001792002974835
74,lgb,5854,0.6934703416581379,0.7912887566122006,0.8946745562130178,0.5714285714285715,0.649420031999812,0.30765288691493,0.7083472382911484,0.2274144324801799,0.7083472382911484,0.6552045006350817,0.16507436831273936,0.1555022883682021
75,lgb,5898,0.6879315821050032,0.7975794150285664,0.8929824561403509,0.561163387510693,0.6598383539671452,0.30857917938284163,0.7082313970718471,0.2426729064489982,0.7082313970718471,0.6682709479917383,0.16181416897986167,0.16399845517830283
76,lgb,5941,0.6989257747401195,0.7976421549597875,0.8901162790697673,0.5795644891122278,0.6611365273146518,0.30870223868035684,0.7101443431836281,0.2453170819004632,0.7101443431836281,0.673941415072185,0.16124920166658419,0.1645535580827604
77,lgb,5985,0.6919376247446288,0.7968598664423715,0.8886324293133295,0.5682967959527825,0.6521423998615312,0.3091060985797828,0.7057420526979421,0.23883602698230222,0.7057420526979421,0.6762574466503006,0.1626339752005373,0.16058248116212873
78,lgb,6029,0.6970381850906395,0.7995625850420162,0.8834812482107072,0.5764705882352942,0.6574835761504663,0.30900646873445015,0.7002379329392676,0.250340085369699,0.7002379329392676,0.685179333528031,0.16017596245584068,0.16548751604662912
79,lgb,6072,0.6971151395375282,0.7940542151430667,0.8811627244229124,0.5766974015088013,0.6510404265248954,0.3086297760210804,0.6976524668401182,0.23640087218838512,0.6976524668401182,0.6827519815620069,0.16315428214937153,0.15899959270972136
80,lgb,6116,0.6920381066657256,0.7978705675218903,0.8821529745042492,0.5680272108843537,0.6563676234554006,0.3083714846304774,0.6957848568454419,0.24285814578698983,0.6957848568454419,0.6890937663180248,0.16177458984715304,0.1637119884841372
81,lgb,6160,0.7013221460193475,0.7986303088765239,0.8814229249011858,0.5831932773109244,0.6511711453574673,0.3086038961038961,0.694147666761962,0.24208494715109707,0.694147666761962,0.6932858894976294,0.16193979520661891,0.16316432498364253
82,lgb,6203,0.7030558267750499,0.8006046560871457,0.8788133221382591,0.5858585858585859,0.6599806186686351,0.3082379493793326,0.693205703425972,0.24904027194435574,0.693205703425972,0.6993296111776081,0.16045368687774744,0.16617164642630491
83,lgb,6247,0.6976239211672765,0.7982862195662318,0.8740906547285955,0.5772151898734178,0.6530580979709876,0.3075076036497519,0.6891529954994516,0.2419151970032407,0.6891529954994516,0.6991138593031867,0.16197606484406288,0.1627899344573491
84,lgb,6291,0.6904583348038005,0.7922465208747516,0.8759002770083102,0.5658783783783784,0.6459621325804443,0.30726434589095536,0.6897480798424557,0.23221461407538146,0.6897480798424557,0.6987824901204944,0.16404873830109148,0.15616851902313167
85,lgb,6335,0.6918606702977401,0.8034583426462917,0.8832318760376314,0.5680473372781064,0.662036918514195,0.3074980268350434,0.690062674483846,0.25074423145320957,0.690062674483846,0.710278953612157,0.16008961064932717,0.17009424518275776
86,lgb,6378,0.6967068398288768,0.8014536057814847,0.8758205689277899,0.5759865659109992,0.656394875578564,0.3074631545939166,0.6838694922617339,0.24262040476161262,0.6838694922617339,0.7107819398545228,0.16182538674426844,0.16742410105755653
87,lgb,6422,0.6948962046262857,0.8014663498300142,0.8749662435862814,0.573109243697479,0.6603704342118901,0.30831516661476177,0.6820721458502612,0.2478298207924925,0.6820721458502612,0.7179647987183566,0.16071231772417743,0.16918674146321833
88,lgb,6466,0.6968607487226542,0.7970029919104702,0.8769766818547305,0.5764411027568922,0.6580445333449523,0.3083823074543767,0.6856830070700105,0.24098571448182382,0.6856830070700105,0.7191875518899833,0.16217466257424462,0.16315383810407086
89,lgb,6509,0.6929850875025978,0.7995331756992562,0.8729519204942251,0.5704753961634697,0.6640417353986254,0.30772776156091564,0.6845665623555612,0.24305576656756556,0.6845665623555612,0.7223505602394914,0.1617323652355495,0.1673747567796238
90,lgb,6553,0.6931625238705832,0.8002870351853377,0.8705440900562853,0.5704697986577182,0.6565005662006731,0.30825576072028077,0.6856823436025048,0.24400493394550338,0.6856823436025048,0.7271536180181519,0.16152956154373432,0.16673355277730872
91,lgb,6597,0.6958902404115739,0.7981176060010744,0.8705321683876092,0.5745577085088459,0.6586435594939871,0.30817038047597395,0.6818793992528682,0.2430465871278935,0.6818793992528682,0.730159999826586,0.16173432655901843,0.16482975393227123
92,lgb,6640,0.6837780025958646,0.7941365613027948,0.8722236738960022,0.5555555555555556,0.652140809001927,0.3081325301204819,0.6785401221899781,0.23305680834064313,0.6785401221899781,0.7299444944395126,0.16386879100181564,0.1602029823905224
93,lgb,6684,0.6965529309350995,0.7996606161845495,0.8662821185107499,0.5755274261603375,0.663259150741585,0.3080490724117295,0.6769520764452097,0.24827213107965218,0.6769520764452097,0.7385322452710306,0.1606178115693634,0.16708163045453897
94,lgb,6728,0.6880619635245725,0.7923867054085743,0.8659579984443867,0.5622895622895623,0.6570543774716586,0.30752080856123665,0.6725949828406677,0.23407486528961075,0.6725949828406677,0.7360921242506289,0.16365126803112812,0.15943268267666375
95,lgb,6771,0.6994879833425482,0.799696887707287,0.8636717735653077,0.5806988352745425,0.6619147294993589,0.3079308817013735,0.6728729473428012,0.24640623183243882,0.6728729473428012,0.7442144480263002,0.16101648862536608,0.16759214914443846
96,lgb,6815,0.6811037130275546,0.7927994165186396,0.8662258392675481,0.5525227460711332,0.6546853260050909,0.3085840058694057,0.6710253404212944,0.2312120497443757,0.6710253404212944,0.7434154718460633,0.16426295104410835,0.15842501666066888
97,lgb,6859,0.7008133643895993,0.8001007760145245,0.8639352554375316,0.5826377295492488,0.6623694115197518,0.3083539874617291,0.6704970828639305,0.24696599072938485,0.6704970828639305,0.7514699425189211,0.16089688783264428,0.16789559806350218
98,lgb,6903,0.6915827520086582,0.7967726187255169,0.8593233273976087,0.5683333333333334,0.6565421436836945,0.3089960886571056,0.6718620496844327,0.23929333758638194,0.6718620496844327,0.7531017380830157,0.16253626400547377,0.1632880904816033
99,lgb,6946,0.6985709020041486,0.7980823147897624,0.86779324055666,0.5794701986754968,0.6591378318768549,0.30895479412611576,0.6715830732852607,0.23823094904511066,0.6715830732852607,0.7557144516997674,0.16276325907854516,0.1645332889789037
100,lgb,6990,0.6990796836338967,0.7955560522466778,0.8595659765527564,0.58,0.6488079565353867,0.30872675250357656,0.6618404813096898,0.232884114563623,0.6618404813096898,0.7567091485658906,0.1639056895893011,0.16084543533692114
101,lgb,7034,0.6949197321004936,0.7937473776669373,0.8596970449466103,0.572642310960068,0.64828120760386,0.30878589707136767,0.6625626777902481,0.23216648772144843,0.6625626777902481,0.7595977162950327,0.1640590212105952,0.1593282794247662
102,lgb,7077,0.6932394783174719,0.796747130628458,0.8570019723865878,0.5707112970711297,0.6583095772704222,0.3083227356224389,0.6624851771890736,0.24010654261640318,0.6624851771890736,0.7642558186496573,0.16236251068638133,0.16434397733876138
103,lgb,7121,0.6964524490140027,0.7964834268550434,0.8597262952101662,0.5757322175732218,0.6587930506089386,0.3085240836961101,0.662001309871646,0.24068050267683117,0.662001309871646,0.767642459526355,0.16223987560439804,0.16510789046273008
104,lgb,7165,0.6891094262825415,0.7987969618188306,0.8604085603112841,0.5645295587010825,0.6569712462784904,0.3088625261688765,0.6633862873087323,0.2428808429014493,0.6633862873087323,0.7716671485901746,0.16176974027192223,0.16567492926168678
105,lgb,7208,0.6888785629418753,0.7952443132134216,0.8618944323933478,0.5637583892617449,0.6548842021804361,0.3088235294117647,0.6634927977399345,0.23899242127369213,0.6634927977399345,0.7731855069335195,0.16260055923997024,0.16205177084258654
106,lgb,7252,0.6980086934017199,0.7969333897992714,0.8561824729891958,0.5783333333333333,0.6607476761594793,0.3083287369001655,0.6579771518507376,0.24222611001049565,0.6579771518507376,0.7761830495215968,0.16190963366746508,0.16543575566678917
107,lgb,7296,0.6989022472659114,0.8020790444708475,0.8584995251661919,0.5799502899751449,0.6591965148623539,0.30838815789473684,0.6615859759790919,0.2512025514732542,0.6615859759790919,0.7816088082883619,0.15999168377756742,0.17062194682460785
108,lgb,7339,0.6930855694236945,0.7942189074625228,0.8566682486948267,0.5702270815811606,0.6555667274666268,0.30876141163646276,0.6578979741406346,0.2367289408895591,0.6578979741406346,0.7805636361976676,0.16308418540425199,0.16224633382621534
109,lgb,7383,0.6915057975617694,0.8000664651146375,0.8555320648343904,0.5680868838763575,0.6622124614856173,0.3090884464309901,0.6546500757439223,0.24497668186115185,0.6546500757439223,0.786018690624799,0.16132193318504023,0.16896993396258936
110,lgb,7427,0.6926772697150431,0.8011761776481153,0.8591352859135286,0.5695029486099411,0.6634355831800002,0.30981553790224853,0.6559252757841727,0.2494872560140292,0.6559252757841727,0.7908639987674013,0.16035818209996072,0.17044240471344307
111,lgb,7470,0.692168488085295,0.8015673219068233,0.8479025076165925,0.5690376569037657,0.6652358086086952,0.31017402945113787,0.650854979052909,0.2503022335178179,0.650854979052909,0.794031267080565,0.16018405006555203,0.1711851353488198
112,lgb,7514,0.6836005662278793,0.7939375580834519,0.8509359833602959,0.5556485355648535,0.6540822436878799,0.31035400585573597,0.6498681909840835,0.23315884594356628,0.6498681909840835,0.7920906247057736,0.16384698915415655,0.16270991868751478
113,lgb,7558,0.6975469667203877,0.7988851898471105,0.8532046864231566,0.5769881556683587,0.6624450907342112,0.3106641968774808,0.6511452132210005,0.24853555289688944,0.6511452132210005,0.7991028414792039,0.16056152759007572,0.16829027776009214
114,lgb,7602,0.6892633351763188,0.7993302512342122,0.8492208982584785,0.5650372825186413,0.6590005028054706,0.3108392528282031,0.6475598037967745,0.24360584065349078,0.6475598037967745,0.8004203305948406,0.1616148337463828,0.16755312711590803
115,lgb,7645,0.687884527156587,0.7965765564404501,0.8499095840867993,0.5623430962343096,0.6535673810927574,0.31105297580117724,0.6471914428668877,0.23635759333402995,0.6471914428668877,0.8011228810317146,0.16316352931867462,0.16459009446402684
116,lgb,7689,0.6844406931193902,0.8002693895796817,0.8550951847704367,0.5564924114671164,0.6624775099874937,0.31109377032123814,0.6451640438439031,0.2487345545277726,0.6451640438439031,0.8067076628785012,0.16051900793931823,0.17023486691871884
117,lgb,7733,0.6919910517173096,0.7969039804565115,0.8486753480017962,0.5690515806988353,0.6600914199267541,0.310746152851416,0.6414420351421286,0.2436201369468336,0.6414420351421286,0.80723317587218,0.16161177913121524,0.16628076694997432
118,lgb,7776,0.6938252143941087,0.7998449147325123,0.8484308924994436,0.5714285714285714,0.6619652457995779,0.31147119341563784,0.6453847513482793,0.24758507186955903,0.6453847513482793,0.8113536770518083,0.1607646119625725,0.16895108013947877
119,lgb,7820,0.6921449606110869,0.7990606655922453,0.8453516751719548,0.5695364238410596,0.6552626153070754,0.31214833759590793,0.6413156292224063,0.24030579094331028,0.6413156292224063,0.8126012088694257,0.1623199383253584,0.16696071278165056
120,lgb,7864,0.6926003152681544,0.8021692331219782,0.8438187417509898,0.5692567567567568,0.666443052432948,0.3119277721261445,0.6364606331185971,0.2513880328511586,0.6364606331185971,0.8172136737816991,0.15995205292944062,0.1728709916361615
121,lgb,7907,0.6889020904160834,0.803917128393348,0.8443960826985853,0.563189143341815,0.6567604712705888,0.31187555330719613,0.6368382480543333,0.25142400660063,0.6368382480543333,0.8192288987291267,0.15994436660417197,0.17163649152974683
122,lgb,7951,0.6871919371345889,0.8041563243811294,0.8441728502837189,0.559931506849315,0.6682459133873874,0.3120362218588857,0.6366438066395751,0.25627540162022966,0.6366438066395751,0.8226642745162338,0.15890779408461678,0.174830957164138
123,lgb,7995,0.6883933087863352,0.802797612745617,0.8452765224876264,0.5627632687447346,0.6643659790520099,0.3128205128205128,0.6360804713419357,0.25177830926761846,0.6360804713419357,0.8245690587053626,0.15986866458305812,0.17157039344438366
124,lgb,8038,0.6933933872112492,0.7994282823767456,0.8418091322224627,0.5711906744379684,0.6613222079430754,0.3126399601891018,0.6336912488410213,0.24540514655351486,0.6336912488410213,0.8248439327330043,0.16123038534696296,0.16957484798280734
125,lgb,8082,0.6931625238705832,0.8017565220119126,0.8442168160478021,0.5704697986577182,0.6725547319206767,0.3121752041573868,0.6312390802903394,0.25380265004014213,0.6312390802903394,0.8282330633182876,0.15943613414458924,0.17315369199340988
126,lgb,8126,0.6956123221224919,0.8027613412228797,0.8427966101694916,0.5747508305647839,0.6667630229404016,0.31245385183362046,0.6334301276028853,0.2530250152175213,0.6334301276028853,0.830326837601487,0.15960228736116333,0.17317562780391654
127,lgb,8170,0.6917067614039628,0.8019241552656446,0.8382571732199786,0.5675446049277825,0.67061244072125,0.3119951040391677,0.6318520542513308,0.25396544374499275,0.6318520542513308,0.8319385783568854,0.15940135085439683,0.17341256470391778
128,lgb,8213,0.6919376247446288,0.8025623380035369,0.8360237892948172,0.5682967959527825,0.6656640599891749,0.31145744551321075,0.626469182243108,0.25166372754928157,0.626469182243108,0.8326688909474471,0.15989314666707552,0.1722413139356414
129,lgb,8257,0.6923223969790723,0.8034955944804545,0.8408180476491672,0.5695253955037468,0.665541336221845,0.310645512898147,0.6284153241906709,0.2513537689904912,0.6284153241906709,0.8335626340933062,0.15995937391159898,0.1726230912398666
130,lgb,8301,0.6929850875025978,0.8043082726520562,0.8391991570073762,0.5704753961634697,0.6703734695041994,0.3104445247560535,0.6266910972763098,0.2558584345010646,0.6266910972763098,0.8361877982081092,0.1589968852956063,0.17501975120734528
131,lgb,8344,0.6931625238705832,0.803514220397536,0.8354642632571787,0.5704697986577182,0.6645151881398367,0.3101629913710451,0.6234487877456808,0.2531189154238196,0.6234487877456808,0.8370595658611034,0.1595822241890167,0.17341172757800238
132,lgb,8388,0.6860738919539959,0.7997664898184855,0.83625,0.5594639865996651,0.6587684598352402,0.30972818311874106,0.624841006588059,0.24672072524559774,0.624841006588059,0.8370002647957031,0.1609492924419292,0.16859032873695332
133,lgb,8432,0.7001506738660738,0.8056963936303284,0.8311148086522464,0.5816666666666667,0.6674803064415588,0.3096537001897533,0.6208125961704978,0.2589534932627502,0.6208125961704978,0.8413348746316495,0.1583355800739514,0.1762859992248901
134,lgb,8475,0.6907896800655633,0.8071090223942342,0.8292079207920792,0.5663567202028741,0.6762214159946408,0.30973451327433627,0.6172269822842185,0.26057318641632277,0.6172269822842185,0.8434681948067384,0.15798950860248348,0.17904677757978554
135,lgb,8519,0.6921449606110869,0.80124872069359,0.8265243276534593,0.5695364238410596,0.661528764391867,0.30977814297452755,0.6136105392435867,0.2480142055157405,0.6136105392435867,0.8425985277418945,0.16067292119258755,0.17224878493006232
136,lgb,8563,0.6908666345124518,0.8044935515114442,0.8260514495712534,0.566610455311973,0.671190023034791,0.3101716688076609,0.6145840673721836,0.2571493529133516,0.6145840673721836,0.8466202786037286,0.15872106142520234,0.17551176432340768
137,lgb,8606,0.7022926543304276,0.801607514675262,0.8273894436519258,0.5850000000000001,0.6646291484919973,0.310248663722984,0.6118592077891487,0.252721572948039,0.6118592077891487,0.8474242478201339,0.1596671223038027,0.17266464734327333
138,lgb,8650,0.7077480874124091,0.8043092529634814,0.8307444018559613,0.5932773109243697,0.6711270171876486,0.31017341040462426,0.6139844408477756,0.25805034607674127,0.6139844408477756,0.8500730922159433,0.15852855086902135,0.17584519662310436
139,lgb,8694,0.6943874229965376,0.8056493386819125,0.820595986215285,0.5726210350584308,0.6683017957739412,0.30986887508626637,0.6107732471189726,0.25639717858651,0.6107732471189726,0.8510454503098026,0.15888177462913006,0.17605565592133612
140,lgb,8738,0.6918136153493242,0.8034779488747985,0.8271308523409363,0.5690653432588918,0.6661151907489118,0.30956740672922867,0.6106177788262972,0.25356176311660383,0.6106177788262972,0.8517732490871558,0.15948760320951824,0.17392263499496752
